"","CHR","SNP","BP","A1","C_A","C_U","A2","CHISQ","P","OR"
"4",1,"1_879676",879676,"G",30,13,"A",4.041,0.04442,2.054
"10",1,"1_897325",897325,"G",45,22,"C",4.415,0.03562,1.881
"19",1,"1_917492",917492,"T",45,20,"C",6.016,0.01418,2.121
"26",1,"1_986737",986737,"C",41,15,"T",8.454,0.003642,2.613
"41",1,"1_1178925",1178925,"A",20,7,"G",3.873,0.04907,2.423
"73",1,"1_1635407",1635407,"G",50,25,"A",5.085,0.02413,1.925
"113",1,"1_3394441",3394441,"T",34,15,"C",4.448,0.03493,2.05
"115",1,"1_3410973",3410973,"T",22,8,"C",4.008,0.04529,2.35
"123",1,"1_3428608",3428608,"A",53,24,"G",7.201,0.007288,2.18
"136",1,"1_3697700",3697700,"A",25,9,"G",4.741,0.02945,2.414
"140",1,"1_3786245",3786245,"A",15,4,"G",4.272,0.03876,3.141
"147",1,"1_6142308",6142308,"C",31,13,"T",4.83,0.02796,2.188
"178",1,"1_7928181",7928181,"G",67,35,"A",6.327,0.01189,1.973
"211",1,"1_10725498",10725498,"A",46,22,"G",4.922,0.02651,1.945
"296",1,"1_12952968",12952968,"G",2,0,"C",4.8,0.02846,NA
"305",1,"1_13448455",13448455,"T",39,18,"G",4.421,0.0355,1.957
"335",1,"1_15613478",15613478,"G",66,35,"A",5.771,0.01629,1.914
"342",1,"1_15808767",15808767,"A",43,18,"G",6.654,0.009895,2.255
"343",1,"1_15808872",15808872,"A",43,18,"G",6.654,0.009895,2.255
"344",1,"1_15809876",15809876,"A",57,29,"G",5.386,0.0203,1.913
"345",1,"1_15820041",15820041,"T",43,21,"C",4.161,0.04136,1.864
"420",1,"1_18808292",18808292,"C",49,24,"A",4.952,0.02606,1.919
"421",1,"1_18808465",18808465,"T",49,24,"A",4.952,0.02606,1.919
"422",1,"1_18808526",18808526,"A",49,24,"C",4.952,0.02606,1.919
"463",1,"1_21031042",21031042,"C",19,3,"T",9.732,0.001811,5.964
"476",1,"1_22149935",22149935,"T",46,23,"C",4.186,0.04075,1.837
"483",1,"1_22307538",22307538,"C",24,7,"T",6.414,0.01132,3.016
"485",1,"1_22310824",22310824,"T",24,7,"C",6.414,0.01132,3.016
"506",1,"1_24383873",24383873,"C",22,7,"T",5.094,0.02401,2.714
"516",1,"1_24460797",24460797,"T",49,25,"G",4.232,0.03966,1.818
"521",1,"1_24710405",24710405,"G",36,16,"A",4.469,0.03451,2.016
"569",1,"1_27676925",27676925,"A",29,11,"G",5.08,0.02421,2.329
"600",1,"1_31346199",31346199,"A",7,0,"G",5.576,0.01821,NA
"621",1,"1_32280610",32280610,"T",57,30,"C",4.671,0.03067,1.824
"632",1,"1_33199367",33199367,"G",71,37,"C",7.101,0.007703,2.045
"638",1,"1_33409693",33409693,"A",14,3,"G",5.018,0.02509,3.915
"643",1,"1_33829513",33829513,"C",9,1,"A",4.793,0.02857,7.39
"659",1,"1_35259961",35259961,"A",35,15,"G",4.776,0.02886,2.093
"680",1,"1_36642420",36642420,"T",25,8,"C",5.848,0.01559,2.745
"743",1,"1_41012847",41012847,"G",24,9,"A",4.16,0.04139,2.296
"779",1,"1_44137257",44137257,"C",17,5,"A",4.298,0.03815,2.868
"794",1,"1_45224998",45224998,"C",32,14,"A",4.03,0.04471,2.011
"831",1,"1_47279175",47279175,"T",40,11,"C",12.86,0.0003355,3.597
"834",1,"1_47398496",47398496,"G",56,26,"A",7.249,0.007096,2.154
"858",1,"1_48708228",48708228,"T",21,3,"G",10.76,0.001038,6.358
"869",1,"1_52929339",52929339,"A",71,39,"G",5.587,0.01809,1.88
"877",1,"1_53553702",53553702,"A",31,13,"G",4.347,0.03708,2.101
"912",1,"1_56614762",56614762,"C",65,40,"T",4.944,0.02618,1.832
"942",1,"1_61869783",61869783,"A",46,23,"G",4.186,0.04075,1.837
"969",1,"1_64515379",64515379,"C",47,23,"T",4.679,0.03054,1.899
"998",1,"1_67303303",67303303,"G",63,34,"A",4.912,0.02667,1.826
"1048",1,"1_76344705",76344705,"C",21,6,"T",5.667,0.01728,3.027
"1050",1,"1_76397972",76397972,"T",38,17,"C",4.702,0.03013,2.021
"1079",1,"1_84991669",84991669,"C",37,17,"G",4.186,0.04077,1.947
"1089",1,"1_85666156",85666156,"G",37,16,"T",5.004,0.02528,2.093
"1107",1,"1_86959173",86959173,"T",42,17,"C",7.005,0.008128,2.333
"1108",1,"1_87031656",87031656,"C",9,1,"A",4.793,0.02857,7.39
"1185",1,"1_100174670",100174670,"T",59,32,"C",4.298,0.03815,1.768
"1224",1,"1_109395105",109395105,"C",27,11,"T",3.956,0.04671,2.127
"1245",1,"1_109897103",109897103,"A",51,22,"G",7.809,0.005199,2.29
"1246",1,"1_109935427",109935427,"A",63,30,"G",8.06,0.004526,2.191
"1247",1,"1_109935775",109935775,"A",63,30,"C",8.06,0.004526,2.191
"1264",1,"1_110921715",110921715,"G",8,0,"T",6.401,0.01141,NA
"1275",1,"1_111144955",111144955,"T",68,39,"C",4.089,0.04317,1.716
"1292",1,"1_111992019",111992019,"A",12,2,"T",5.2,0.02258,5
"1336",1,"1_118255058",118255058,"G",71,38,"A",6.321,0.01193,1.96
"1401",1,"1_150531078",150531078,"G",29,13,"A",5.496,0.01906,2.347
"1530",1,"1_154108387",154108387,"G",18,5,"A",4.953,0.02605,3.063
"1551",1,"1_154938235",154938235,"C",65,35,"G",5.735,0.01663,1.914
"1553",1,"1_154965113",154965113,"T",39,18,"G",4.421,0.0355,1.957
"1575",1,"1_156640933",156640933,"T",34,13,"C",6.07,0.01375,2.375
"1589",1,"1_156902281",156902281,"G",57,31,"T",4.337,0.03729,1.787
"1592",1,"1_157485429",157485429,"G",19,3,"C",8.86,0.002914,5.549
"1608",1,"1_157772404",157772404,"T",26,10,"C",4.326,0.03754,2.257
"1639",1,"1_158735595",158735595,"C",35,16,"T",3.959,0.04663,1.939
"1640",1,"1_158735691",158735691,"T",35,16,"C",3.959,0.04663,1.939
"1641",1,"1_158735740",158735740,"A",35,16,"G",3.959,0.04663,1.939
"1642",1,"1_158735892",158735892,"A",35,16,"G",3.959,0.04663,1.939
"1684",1,"1_160302298",160302298,"C",22,7,"T",5.094,0.02401,2.714
"1726",1,"1_162335052",162335052,"T",26,7,"C",7.824,0.005156,3.329
"1736",1,"1_163313539",163313539,"T",25,11,"C",3.854,0.04963,2.129
"1828",1,"1_172437592",172437592,"G",43,17,"A",7.638,0.005715,2.416
"1874",1,"1_177929940",177929940,"A",71,41,"G",4.26,0.03903,1.732
"1910",1,"1_182026813",182026813,"C",17,5,"G",4.298,0.03815,2.868
"1946",1,"1_185958737",185958737,"G",67,38,"A",4.241,0.03946,1.736
"1954",1,"1_186275760",186275760,"A",41,20,"G",3.916,0.04783,1.847
"1957",1,"1_186344137",186344137,"A",20,7,"G",3.873,0.04907,2.423
"1992",1,"1_197521877",197521877,"T",47,24,"C",3.97,0.04631,1.797
"2006",1,"1_200867492",200867492,"G",24,9,"C",4.16,0.04139,2.296
"2014",1,"1_201038687",201038687,"G",76,40,"A",7.759,0.005345,2.104
"2077",1,"1_203667409",203667409,"T",47,24,"C",3.97,0.04631,1.797
"2096",1,"1_204282771",204282771,"T",44,21,"G",4.659,0.03089,1.929
"2104",1,"1_204403659",204403659,"G",75,41,"A",6.359,0.01168,1.958
"2118",1,"1_205272918",205272918,"A",28,10,"G",4.698,0.03021,2.333
"2120",1,"1_205274581",205274581,"T",28,10,"C",5.505,0.01896,2.477
"2121",1,"1_205274606",205274606,"A",28,10,"G",5.505,0.01896,2.477
"2137",1,"1_205884188",205884188,"T",34,15,"G",4.245,0.03937,2.012
"2153",1,"1_207015957",207015957,"T",26,10,"C",4.326,0.03754,2.257
"2158",1,"1_207134192",207134192,"A",38,14,"G",7.553,0.005992,2.541
"2159",1,"1_207140440",207140440,"T",60,24,"C",12.02,0.0005263,2.708
"2213",1,"1_211682187",211682187,"T",74,41,"C",5.794,0.01608,1.898
"2303",1,"1_223176275",223176275,"A",10,0,"G",8.072,0.004495,NA
"2305",1,"1_223178478",223178478,"A",10,0,"G",7.606,0.005816,NA
"2321",1,"1_224492746",224492746,"C",65,36,"T",5.028,0.02494,1.833
"2322",1,"1_224495852",224495852,"C",67,35,"T",6.327,0.01189,1.973
"2323",1,"1_224564241",224564241,"A",44,22,"G",3.933,0.04735,1.818
"2340",1,"1_226019633",226019633,"C",30,12,"T",4.596,0.03205,2.194
"2356",1,"1_227149203",227149203,"A",10,1,"G",5.587,0.0181,8.279
"2358",1,"1_227172290",227172290,"T",33,14,"C",4.557,0.03279,2.095
"2359",1,"1_227174210",227174210,"C",49,21,"T",7.502,0.006165,2.277
"2369",1,"1_228113163",228113163,"A",28,11,"G",4.505,0.0338,2.227
"2375",1,"1_228353651",228353651,"C",30,11,"G",5.679,0.01717,2.433
"2382",1,"1_228434467",228434467,"T",32,12,"C",5.868,0.01542,2.4
"2384",1,"1_228461129",228461129,"A",33,11,"G",7.616,0.005786,2.758
"2385",1,"1_228464248",228464248,"T",31,11,"G",6.577,0.01033,2.59
"2388",1,"1_228480282",228480282,"A",33,9,"G",10.22,0.001386,3.444
"2391",1,"1_228503677",228503677,"A",33,9,"G",10.22,0.001386,3.444
"2392",1,"1_228504472",228504472,"T",33,9,"C",10.22,0.001386,3.444
"2393",1,"1_228505668",228505668,"C",33,9,"G",10.22,0.001386,3.444
"2394",1,"1_228505699",228505699,"T",30,8,"C",9.371,0.002204,3.456
"2395",1,"1_228509427",228509427,"A",34,11,"G",8.305,0.003953,2.87
"2397",1,"1_228547901",228547901,"T",34,12,"C",7.133,0.007567,2.602
"2429",1,"1_231298898",231298898,"A",5,0,"C",3.948,0.04693,NA
"2477",1,"1_233881123",233881123,"G",73,39,"A",6.717,0.009551,1.999
"2479",1,"1_234529519",234529519,"T",71,40,"C",4.9,0.02685,1.804
"2480",1,"1_234529540",234529540,"A",71,40,"G",5.377,0.0204,1.868
"2503",1,"1_236557771",236557771,"G",60,32,"A",4.782,0.02875,1.823
"2523",1,"1_237058828",237058828,"C",73,43,"T",3.978,0.0461,1.698
"2542",1,"1_242030151",242030151,"A",61,25,"G",11.66,0.0006391,2.646
"2583",1,"1_247614386",247614386,"C",28,10,"T",5.505,0.01896,2.477
"2584",1,"1_247614407",247614407,"A",28,10,"G",5.746,0.01652,2.525
"2585",1,"1_247614553",247614553,"T",27,10,"C",4.903,0.02681,2.366
"2597",1,"1_247875583",247875583,"C",64,37,"G",4.816,0.0282,1.813
"2598",1,"1_247875689",247875689,"G",30,11,"A",5.679,0.01717,2.433
"2599",1,"1_247875975",247875975,"G",25,6,"A",8.535,0.003483,3.738
"2600",1,"1_247921100",247921100,"T",76,39,"G",8.612,0.00334,2.192
"2601",1,"1_247921352",247921352,"C",64,26,"T",12.85,0.0003368,2.751
"2602",1,"1_247978339",247978339,"A",44,20,"G",4.997,0.02538,1.995
"2619",1,"1_248402758",248402758,"C",75,41,"T",6.359,0.01168,1.958
"2646",1,"1_248756167",248756167,"G",33,15,"C",4.965,0.02587,2.148
"2647",1,"1_248756411",248756411,"A",33,15,"T",4.965,0.02587,2.148
"2648",1,"1_248756474",248756474,"G",34,16,"A",4.692,0.03029,2.074
"2650",1,"1_248789504",248789504,"T",22,7,"C",6.363,0.01165,3.045
"2652",1,"1_248790075",248790075,"A",31,15,"G",4.13,0.04212,2.019
